{
    "Choice Probability": {
        "0": [
            0.1902,
            0.0,
            0.7154,
            0.0944
        ],
        "1": [
            0.339,
            0.0,
            0.5912,
            0.0698
        ],
        "2": [
            0.4544,
            0.0,
            0.4948,
            0.0508
        ],
        "3": [
            0.7086,
            0.0,
            0.2526,
            0.0388
        ],
        "4": [
            0.7651060424169668,
            0.0,
            0.21348539415766307,
            0.021408563425370147
        ],
        "5": [
            0.7814503205128205,
            0.0,
            0.20272435897435898,
            0.015825320512820512
        ],
        "6": [
            0.799036338084722,
            0.0,
            0.18189118650873318,
            0.01907247540654487
        ],
        "7": [
            0.8357848075760629,
            0.0,
            0.14426758009268587,
            0.01994761233125126
        ],
        "8": [
            0.8721470410018178,
            0.0,
            0.11028075136336093,
            0.017572207634821247
        ],
        "9": [
            0.9059275743475622,
            0.0,
            0.07687639085575561,
            0.017196034796682177
        ],
        "10": [
            0.9321037697608431,
            0.0,
            0.051276854479124445,
            0.016619375760032428
        ],
        "11": [
            0.9354183590576767,
            0.0,
            0.04366368805848903,
            0.02091795288383428
        ],
        "12": [
            0.938402114250864,
            0.0,
            0.04106525716609067,
            0.020532628583045335
        ],
        "13": [
            0.9393322475570033,
            0.0,
            0.035627035830618894,
            0.02504071661237785
        ],
        "14": [
            0.941884176182708,
            0.0,
            0.029567699836867863,
            0.028548123980424143
        ],
        "15": [
            0.9403959991835068,
            0.0,
            0.028577260665441927,
            0.031026740151051235
        ],
        "16": [
            0.9387004495300367,
            0.0,
            0.028606456885982835,
            0.032693093583980384
        ],
        "17": [
            0.9404737384140062,
            0.0,
            0.026776519052523172,
            0.03274974253347065
        ],
        "18": [
            0.9455486542443065,
            0.0,
            0.02091097308488613,
            0.03354037267080745
        ],
        "19": [
            0.9438552713661884,
            0.0,
            0.019754626741526306,
            0.036390101892285295
        ],
        "20": [
            0.9386093130089789,
            0.0,
            0.02672791814575068,
            0.03466276884527041
        ],
        "21": [
            0.9400796144982192,
            0.0,
            0.024093861303163627,
            0.035826524198617225
        ],
        "22": [
            0.9417944946417315,
            0.0,
            0.022063458709812987,
            0.03614204664845556
        ],
        "23": [
            0.939016670183583,
            0.0,
            0.02173454315256383,
            0.03924878666385313
        ],
        "24": [
            0.9387971198644642,
            0.0,
            0.016306649724692927,
            0.04489623041084286
        ],
        "25": [
            0.9491705657167163,
            0.0,
            0.01658868566567418,
            0.03424074861760953
        ],
        "26": [
            0.9454390451832907,
            0.0,
            0.016837169650468883,
            0.037723785166240406
        ],
        "27": [
            0.9437553464499572,
            0.0,
            0.01561163387510693,
            0.04063301967493584
        ],
        "28": [
            0.9416809605488851,
            0.0,
            0.015222984562607204,
            0.04309605488850772
        ],
        "29": [
            0.9395308801377232,
            0.0,
            0.016785022595222725,
            0.043684097267054016
        ],
        "30": [
            0.9476530391520658,
            0.0,
            0.01189703655634869,
            0.04044992429158555
        ],
        "31": [
            0.9430929626411816,
            0.0,
            0.01216333622936577,
            0.04474370112945265
        ],
        "32": [
            0.9413687881429816,
            0.0,
            0.011769834350479512,
            0.0468613775065388
        ],
        "33": [
            0.9389363099146422,
            0.0,
            0.00984898227183191,
            0.05121470781352593
        ],
        "34": [
            0.9384480105517696,
            0.0,
            0.007474170147285118,
            0.05407781930094526
        ],
        "35": [
            0.9319787985865724,
            0.0,
            0.007950530035335688,
            0.06007067137809187
        ],
        "36": [
            0.9274944567627494,
            0.0,
            0.004434589800443459,
            0.0680709534368071
        ],
        "37": [
            0.9235057983942908,
            0.0,
            0.0053523639607493305,
            0.07114183764495986
        ]
    },
    "Final Schooling": {
        "0": [
            0
        ],
        "1": [
            0
        ],
        "2": [
            0
        ],
        "3": [
            0
        ],
        "4": [
            0
        ],
        "5": [
            0
        ],
        "6": [
            0
        ],
        "7": [
            0
        ],
        "8": [
            0
        ],
        "9": [
            0.104
        ],
        "10": [
            0.1088
        ],
        "11": [
            0.1238
        ],
        "12": [
            0.3344
        ],
        "13": [
            0.041
        ],
        "14": [
            0.0442
        ],
        "15": [
            0.042
        ],
        "16": [
            0.1232
        ],
        "17": [
            0.0412
        ],
        "18": [
            0.0322
        ],
        "19": [
            0.0006
        ],
        "20": [
            0.0026
        ],
        "21": [
            0.0018
        ],
        "22": [
            0.0002
        ],
        "23": [
            0
        ],
        "24": [
            0
        ],
        "25": [
            0
        ],
        "26": [
            0
        ],
        "27": [
            0
        ],
        "28": [
            0
        ],
        "29": [
            0
        ]
    },
    "Wage Distribution": {
        "0": [
            216052.24214973263,
            106656.11693750987
        ],
        "1": [
            271435.40224260354,
            121734.45525031688
        ],
        "2": [
            312804.03775746765,
            134017.6961603012
        ],
        "3": [
            237468.8923022432,
            156087.5431785087
        ],
        "4": [
            296435.1377506631,
            159577.0795151654
        ],
        "5": [
            367343.3048807054,
            160970.03967780093
        ],
        "6": [
            391832.999677665,
            161621.01924927242
        ],
        "7": [
            410949.5020126244,
            165826.46081709253
        ],
        "8": [
            440561.66871501866,
            169347.86030211966
        ],
        "9": [
            473641.15789497405,
            183252.86967316252
        ],
        "10": [
            507770.5222436459,
            194521.58404429155
        ],
        "11": [
            527012.7662847147,
            204925.857181758
        ],
        "12": [
            524189.30402972025,
            202489.5938434493
        ],
        "13": [
            537063.4333136225,
            218110.38622973335
        ],
        "14": [
            551002.1049099298,
            222106.28075997005
        ],